ID,Sex,Age,CoupleAge,AgeRatio(M/F),Height,CoupleHeight,HeightRatio(M/F),Education,CoupleEdu,EducationGap,Zodiac,CoupleZodiac,ZodiacCompatibility,PreviousRelationship,LongDistance,Home,Nationality,CommonInterestDiff(0-3),FamilyIncomeDiff(0-3),SpendingPatternDiff(0-3),RelationshipLength,OngoingOrNot,BreakupReason,BreakupReason,BreakupReason,BreakupReason,BreakupReason,,
1,Female,26,26,1.00,164,175,1.07,4,4,0,Virgo ,Libra ,2,0,No,No,Yes,2,0,1,24,No,Personality difference,,,,,,
2,Male,18,16,1.13,180,163,1.10,1,1,0,Scorpio ,Pisces ,4,0,No,No,No,2,1,2,5,No,Value not align,,,,,,
3,Female,25,28,1.12,172,188,1.09,3,3,0,Libra ,Gemini ,4,1,No,No,Yes,0,0,1,6,No,Value not align,Personality difference,Not like anymore,,,,
4,Female,24,26,1.08,164,174,1.06,4,4,0,Leo ,Aries ,4,2,No,No,Yes,1,2,2,19,Yes,,,,,,,
5,Female,16,16,1.00,167,180,1.08,0,0,0,Taurus ,Cancer ,3,0,No,Yes,Yes,2,2,1,24,No,Parents' opinions,,,,,,
6,Male,19,19,1.00,165,158,1.04,3,3,0,Scorpio ,Scorpio ,3,0,Yes,Yes,Yes,1,1,2,36,No,Value not align,Future development,,,,,
7,Female,16,17,1.06,163,172,1.06,1,1,0,Libra ,Aquarius ,4,0,No,Yes,Yes,1,1,2,39,No,Not like anymore,,,,,,
8,Female,15,15,1.00,160,175,1.09,0,0,0,Leo ,Gemini ,4,0,No,Yes,Yes,1,0,1,18,No,Future development,,,,,,
9,Female,25,28,1.12,173,175,1.01,4,4,0,Sagittarius ,Capricorn ,3,0,No,No,Yes,1,1,1,2,Yes,,,,,,,
10,Female,25,25,1.00,157,175,1.11,3,5,2,Aries ,Sagittarius ,4,3,No,No,Yes,2,0,1,9,Yes,,,,,,,
11,Female,15,15,1.00,157,180,1.15,1,1,0,Libra ,Leo ,4,0,No,Yes,Yes,2,2,1,24,No,Future development,,,,,,
12,Female,18,18,1.00,157,184,1.17,3,3,0,Libra ,Scorpio ,3,1,No,No,Yes,1,3,1,4,No,Value not align,,,,,,
13,Female,23,24,1.04,158,173,1.09,4,4,0,Libra ,Aquarius ,3,1,No,No,Yes,1,1,2,10,No,Value not align,Future development,,,,,
14,Male,22,20,1.10,175,160,1.09,3,1,2,Libra ,Pisces ,4,0,Yes,Yes,Yes,0,0,1,24,Yes,,,,,,,
15,Female,25,28,1.12,172,181,1.05,3,2,1,Sagittarius ,Aries ,2,3,No,Yes,Yes,2,3,2,16,No,Value not align,Personality difference,Future development,,,,
16,Male,17,15,1.13,171,164,1.04,1,1,0,Libra ,Aries ,3,0,No,Yes,Yes,2,1,3,96,No,Value not align,,,,,,
17,Male,22,22,1.00,184,165,1.12,3,3,0,Libra ,Cancer ,1,2,No,Yes,Yes,2,0,1,8,Yes,,,,,,,
18,Female,24,23,0.96,155,165,1.06,4,3,1,Aquarius ,Virgo ,1,0,No,No,Yes,0,1,2,168,No,Not like anymore,,,,,,
19,Female,20,20,1.00,165,178,1.08,3,3,0,Virgo ,Pisces ,3,0,No,Yes,Yes,1,0,1,13,No,Value not align,Personality difference,Future development,,,,
20,Male,19,20,0.95,178,177,1.01,3,3,0,Capricorn ,Scorpio ,4,0,Yes,No,Yes,2,1,2,18,No,Future development,,,,,,
21,Female,25,23,0.92,161,170,1.06,3,3,0,Sagittarius ,Libra ,4,1,No,No,Yes,1,1,2,40,No,Someone else on mind,Value not align,Not like anymore,Parents' opinions,Unsatisfied bed time,,
22,Female,16,16,1.00,164,178,1.09,1,1,0,Gemini ,Gemini ,2,0,No,Yes,Yes,1,1,2,3,No,Not like anymore,,,,,,
23,Male,21,32,0.66,170,178,0.96,3,3,0,Taurus ,Sagittarius ,3,2,No,No,No,1,2,2,10,No,Not like anymore,,,,,,
24,Female,19,20,1.05,164,172,1.05,3,2,1,Cancer ,Capricorn ,2,0,Yes,Yes,Yes,1,0,1,48,No,Cheated,Parents' opinions,,,,,
25,Female,20,21,1.05,157,185,1.18,3,3,0,Aries ,Capricorn ,2,2,Yes,Yes,Yes,1,1,0,21,Yes,,,,,,,
26,Male,19,18,1.06,183,165,1.11,3,3,0,Scorpio ,Taurus ,4,0,Yes,No,Yes,3,1,1,48,Yes,,,,,,,
27,Female,20,20,1.00,161,182,1.13,3,3,0,Cancer ,Pisces ,1,2,Yes,No,Yes,3,1,2,28,Yes,,,,,,,
28,Male,19,18,1.06,171,166,1.03,3,3,0,Aquarius ,Aquarius ,4,0,Yes,No,Yes,1,2,1,24,No,Future development,,,,,,
29,Male,21,21,1.00,183,168,1.09,3,3,0,Leo ,Pisces ,3,1,Yes,Yes,Yes,1,0,1,16,No,Personality difference,Future development,,,,,
30,Male,18,18,1.00,176,158,1.11,3,3,0,Scorpio ,Sagittarius ,2,1,No,No,Yes,0,2,1,192,Yes,,,,,,,
31,Male,21,21,1.00,175,165,1.06,3,3,0,Aries ,Aries ,1,4,No,No,Yes,2,0,1,30,No,Value not align,,,,,,
32,Male,16,17,0.94,181,160,1.13,1,1,0,Taurus ,Scorpio ,4,2,No,Yes,Yes,3,0,2,16,No,Future development,,,,,,
33,Male,22,22,1.00,170,160,1.06,3,2,1,Sagittarius ,Scorpio ,3,5,Yes,Yes,Yes,2,0,3,17,Yes,,,,,,,
34,Female,21,21,1.00,169,181,1.07,3,3,0,Cancer ,Libra ,1,1,Yes,No,Yes,1,2,2,46,Yes,,,,,,,
35,Female,21,22,1.05,172,185,1.08,3,3,0,Leo ,Pisces ,1,5,Yes,Yes,Yes,1,0,1,51,Yes,,,,,,,
36,Female,13,14,1.08,142,163,1.15,0,0,0,Taurus ,Scorpio ,2,1,No,Yes,Yes,1,0,1,27,No,Value not align,Not like anymore,Future development,,,,
37,Male,18,18,1.00,180,167,1.08,3,3,0,Capricorn ,Aquarius ,2,5,No,No,Yes,1,1,2,34,No,Value not align,Personality difference,,,,,
38,Female,16,21,1.31,172,173,1.01,1,3,2,Aries ,Capricorn ,1,0,Yes,Yes,Yes,1,1,1,36,No,Personality difference,,,,,,
39,Male,15,15,1.00,171,167,1.02,1,1,0,Leo ,Virgo ,2,1,No,No,Yes,1,2,2,12,No,Not like anymore,,,,,,
40,Female,18,17,0.94,168,155,0.92,1,1,0,Pisces ,Gemini ,2,0,No,Yes,Yes,1,1,2,3,No,Value not align,,,,,,
41,Female,18,19,1.06,162,173,1.07,2,2,0,Cancer ,Capricorn ,3,3,No,Yes,Yes,1,0,2,120,No,Cheated,,,,,,
42,Female,26,28,1.08,160,173,1.08,4,4,0,Aquarius ,Gemini ,4,1,Yes,Yes,Yes,1,2,1,12,Yes,,,,,,,
43,Female,21,21,1.00,163,180,1.10,3,3,0,Taurus ,Taurus ,1,3,No,Yes,Yes,1,1,2,7,Yes,,,,,,,
44,Male,20,18,1.11,170,165,1.03,1,1,0,Cancer ,Sagittarius ,4,1,Yes,No,Yes,1,1,2,24,No,Value not align,Personality difference,Future development,,,,
45,Female,16,17,1.06,163,180,1.10,1,1,0,Gemini ,Scorpio ,2,1,No,Yes,Yes,2,0,3,60,No,Not like anymore,,,,,,
46,Female,22,20,0.91,163,173,1.06,3,3,0,Sagittarius ,Capricorn ,3,0,No,No,Yes,1,1,1,30,Yes,,,,,,,
47,Female,21,24,1.14,165,176,1.07,3,3,0,Scorpio ,Capricorn ,4,3,Yes,No,Yes,1,1,2,15,Yes,,,,,,,
48,Male,18,19,0.95,184,160,1.15,3,3,0,Scorpio ,Gemini ,1,5,No,No,Yes,1,2,1,34,No,Not like anymore,Future development,Parents' opinions,,,,
49,Female,19,20,1.05,160,178,1.11,3,3,0,Libra ,Scorpio ,3,3,No,Yes,Yes,3,1,0,38,Yes,,,,,,,
50,Male,16,16,1.00,170,167,1.02,1,1,0,Libra ,Aquarius ,4,0,No,Yes,Yes,1,1,2,24,No,Not like anymore,,,,,,
51,Male,18,17,1.06,178,172,1.03,1,1,0,Cancer ,Cancer ,4,2,No,Yes,Yes,2,0,1,50,Yes,,,,,,,
52,Male,12,16,0.75,156,181,0.86,0,1,1,Taurus ,Sagittarius ,2,0,No,Yes,Yes,2,2,2,14,No,Future development,,,,,,
53,Female,20,20,1.00,160,180,1.13,3,3,0,Pisces ,Aquarius ,2,1,Yes,No,Yes,2,0,1,36,Yes,,,,,,,
54,Female,19,19,1.00,161,173,1.07,3,3,0,Cancer ,Scorpio ,4,0,No,No,Yes,0,1,1,42,Yes,,,,,,,
55,Female,12,13,1.08,158,173,1.09,0,0,0,Pisces ,Cancer ,4,0,Yes,Yes,Yes,3,0,0,110,No,Not like anymore,,,,,,
56,Female,18,18,1.00,165,174,1.05,3,3,0,Capricorn ,Sagittarius ,3,2,No,No,Yes,0,1,2,48,No,Value not align,Not like anymore,Future development,,,,
57,Female,20,20,1.00,165,186,1.13,3,3,0,Scorpio ,Capricorn ,4,0,No,No,Yes,1,0,1,72,No,Not like anymore,,,,,,
58,Female,17,18,1.06,172,178,1.03,1,1,0,Cancer ,Cancer ,4,0,No,Yes,Yes,2,0,1,50,Yes,,,,,,,
59,Female,19,21,1.11,160,181,1.13,3,3,0,Virgo ,Scorpio ,3,1,No,No,Yes,0,0,1,24,Yes,,,,,,,
60,Male,19,18,1.06,185,160,1.16,3,3,0,Aries ,Taurus ,3,0,Yes,No,Yes,1,2,1,8,No,Value not align,Personality difference,,,,,
61,Female,21,21,1.00,173,178,1.03,3,3,0,Aries ,Sagittarius ,4,1,No,No,Yes,2,0,2,23,No,Not like anymore,Future development,,,,,
62,Female,14,16,1.14,154,176,1.14,1,1,0,Gemini ,Sagittarius ,2,0,Yes,Yes,Yes,1,0,2,18,No,Personality difference,Not like anymore,Future development,,,,
63,Female,19,20,1.05,160,170,1.06,2,2,0,Taurus ,Virgo ,4,0,No,No,Yes,1,0,1,20,No,Not like anymore,,,,,,
64,Male,16,16,1.00,174,168,1.04,1,1,0,Leo ,Gemini ,3,1,No,Yes,Yes,3,1,1,38,No,Cheated,Future development,,,,,
65,Female,15,15,1.00,158,178,1.13,0,0,0,Sagittarius ,Capricorn ,3,0,No,Yes,Yes,2,1,0,36,No,Not like anymore,Parents' opinions,,,,,
66,Female,19,19,1.00,165,173,1.05,3,3,0,Virgo ,Capricorn ,4,1,No,No,Yes,2,1,2,49,Yes,,,,,,,
67,Female,17,17,1.00,159,178,1.12,1,1,0,Gemini ,Scorpio ,1,0,No,Yes,Yes,2,1,1,25,No,Value not align,Future development,,,,,
68,Female,21,24,1.14,168,176,1.05,3,4,1,Aries ,Capricorn ,1,4,No,Yes,Yes,2,0,1,76,Yes,,,,,,,
69,Female,17,18,1.06,153,169,1.10,1,1,0,Scorpio ,Gemini ,1,0,Yes,No,Yes,2,0,2,58,Yes,,,,,,,
70,Male,16,16,1.00,174,160,1.09,1,1,0,Libra ,Aquarius ,4,0,No,Yes,Yes,0,2,3,1,No,Value not align,,,,,,
71,Female,13,13,1.00,165,170,1.03,0,0,0,Leo ,Scorpio ,2,0,No,Yes,Yes,1,0,1,24,No,Cheated,,,,,,
72,Female,19,19,1.00,162,182,1.12,3,3,0,Taurus ,Sagittarius ,2,0,Yes,No,Yes,1,1,1,6,No,Personality difference,Not like anymore,,,,,
73,Female,15,16,1.07,163,177,1.09,0,0,0,Pisces ,Cancer ,4,0,No,Yes,Yes,1,1,2,6,No,Future development,,,,,,
74,Female,20,18,0.90,161,180,1.12,3,3,0,Leo ,Capricorn ,1,0,Yes,No,Yes,1,2,2,21,No,Personality difference,Not like anymore,Value not aligh,,,,
75,Male,21,20,1.05,170,170,1.00,3,3,0,Sagittarius ,Leo ,4,1,No,No,Yes,2,2,1,12,No,Value not align,Future development,,,,,
76,Female,19,21,1.11,153,168,1.10,3,3,0,Capricorn ,Capricorn ,3,0,Yes,Yes,Yes,1,1,3,18,No,Never meant to be,,,,,,
77,Female,15,15,1.00,164,183,1.12,0,0,0,Leo ,Pisces ,1,0,No,Yes,Yes,0,1,0,24,No,Value not align,,,,,,
78,Female,20,20,1.00,165,178,1.08,1,1,0,Aries ,Capricorn ,1,2,No,No,Yes,1,1,0,9,No,Personality difference,Future development,,,,,
79,Male,17,17,1.00,179,160,1.12,1,1,0,Aries ,Aquarius ,3,0,Yes,Yes,Yes,1,1,1,60,Yes,,,,,,,
80,Female,18,15,0.83,154,175,1.14,3,1,2,Gemini ,Virgo ,2,0,Yes,No,Yes,2,2,3,36,Yes,,,,,,,
81,Female,22,23,1.05,170,175,1.03,4,4,0,Aries ,Leo ,4,0,No,No,Yes,1,0,1,35,Yes,,,,,,,
82,Female,24,32,1.33,165,175,1.06,3,4,1,Scorpio ,Aquarius ,2,0,No,No,Yes,2,2,1,50,Yes,,,,,,,
83,Female,18,19,1.06,167,184,1.10,3,3,0,Leo ,Scorpio ,1,0,No,Yes,Yes,3,1,1,36,No,Future development,,,,,,
84,Female,19,19,1.00,165,185,1.12,3,3,0,Cancer ,Aries ,1,1,No,No,Yes,1,1,0,55,No,Someone else on mind,,,,,,
85,Male,23,22,1.05,176,170,1.04,4,4,0,Scorpio ,Sagittarius ,3,2,No,No,Yes,3,0,1,39,Yes,,,,,,,
86,Female,18,18,1.00,163,174,1.07,3,3,0,Scorpio ,Cancer ,4,0,No,Yes,Yes,2,0,1,51,No,Future development,,,,,,
87,Female,17,17,1.00,165,175,1.06,1,1,0,Aries ,Cancer ,1,0,No,Yes,Yes,2,0,1,58,Yes,,,,,,,
88,Male,19,19,1.00,173,155,1.12,3,3,0,Leo ,Aries ,4,0,Yes,Yes,Yes,1,0,1,26,Yes,,,,,,,
89,Female,16,18,1.13,164,180,1.10,1,1,0,Taurus ,Leo ,2,3,Yes,Yes,Yes,1,1,2,24,No,Value not align,Personality difference,,,,,
90,Male,18,16,1.13,180,163,1.10,1,1,0,Scorpio ,Pisces ,4,0,No,No,No,2,1,2,5,No,Value not aligh,,,,,,
91,Female,23,23,1.00,165,178,1.08,3,1,2,Scorpio ,Scorpio ,4,1,Yes,Yes,Yes,1,1,2,40,Yes,,,,,,,
92,Female,22,22,1.00,160,180,1.13,3,3,0,Pisces ,Pisces ,4,0,Yes,No,No,1,0,2,15,No,Value not aligh,Personality differences,Future development,Parents' opinions,,,
93,Female,15,15,1.00,163,178,1.09,0,0,0,Virgo ,Aries ,1,0,No,Yes,Yes,2,2,2,24,No,Value not aligh,Personality differences,,,,,
94,Female,20,23,1.15,162,180,1.11,3,3,0,Libra ,Taurus ,2,0,Yes,No,Yes,2,0,2,12,No,Cheated,Value not align,Personality differences,,,,
95,Male,21,55,0.38,166,166,1.00,3,3,0,Sagittarius ,Aries ,4,2,No,No,Yes,1,1,2,27,Yes,,,,,,,
96,Female,20,21,1.05,163,183,1.12,3,3,0,Leo ,Cancer ,2,1,No,No,Yes,1,1,0,35,No,Value not aligh,Personality differences,Not like anymore,Parents' opinions,Unsatisfied bed time,,
97,Female,23,24,1.04,163,185,1.13,3,3,0,Scorpio ,Libra ,3,2,Yes,Yes,Yes,0,0,0,42,Yes,,,,,,,
98,Male,21,20,1.05,178,165,1.08,3,3,0,Aries ,Virgo ,1,0,No,Yes,Yes,3,2,2,3,No,Future development,,,,,,
99,Male,23,23,1.00,174,160,1.09,3,3,0,Aries ,Sagittarius ,4,4,No,Yes,Yes,1,1,0,26,Yes,,,,,,,
100,Female,22,22,1.00,160,180,1.13,3,3,0,Libra ,Aries ,3,2,Yes,No,Yes,0,2,1,36,Yes,,,,,,,
101,Female,18,18,1.00,165,174,1.05,3,3,0,Capricorn ,Virgo ,4,0,Yes,No,Yes,1,0,2,30,No,Cheated,,,,,,
102,Female,18,17,0.94,169,175,1.04,1,1,0,Libra ,Aquarius ,4,1,No,Yes,Yes,2,2,0,12,No,Personality differences,,,,,,
103,Female,18,19,1.06,155,173,1.12,3,3,0,Aries ,Scorpio ,1,3,No,No,Yes,1,0,0,50,No,Future Development,,,,,,
104,Male,18,18,1.00,175,157,1.11,3,3,0,Leo ,Capricorn ,1,1,Yes,No,Yes,1,1,1,40,Yes,,,,,,,
105,Female,21,23,1.10,166,166,1.00,3,3,0,Aries ,Sagittarius ,4,0,No,No,Yes,1,1,1,27,Yes,,,,,,,
106,Female,19,19,1.00,160,173,1.08,3,3,0,Aries ,Scorpio ,1,2,No,Yes,Yes,1,1,1,16,No,Value not aligh,Personality differences,,,,,
107,Female,24,25,1.04,162,180,1.11,3,3,0,Virgo ,Aries ,1,3,Yes,No,Yes,0,1,0,19,Yes,,,,,,,
108,Male,23,24,0.96,180,165,1.09,4,4,0,Libra ,Gemini ,4,3,Yes,No,Yes,0,0,3,5,Yes,,,,,,,
109,Female,22,23,1.05,175,173,0.99,3,3,0,Virgo ,Scorpio ,3,1,Yes,No,Yes,1,0,0,27,Yes,,,,,,,
110,Female,33,35,1.06,164,168,1.02,3,1,2,Taurus ,Libra ,2,1,No,No,Yes,1,3,0,92,Yes,,,,,,,
111,Male,20,19,1.05,185,170,1.09,3,3,0,Capricorn ,Taurus ,4,2,Yes,Yes,Yes,1,2,1,88,No,,,,,,,
112,Female,15,15,1.00,163,173,1.06,0,0,0,Sagittarius ,Pisces ,1,2,Yes,Yes,Yes,2,1,3,100,Yes,Someone else on mind,,,,,,
113,Male,20,20,1.00,187,167,1.12,3,3,0,Cancer ,Aries ,2,2,No,No,Yes,2,1,2,6,No,Cheated,Value not align,,,,,
114,Female,22,22,1.00,172,182,1.06,4,4,0,Cancer ,Taurus ,4,3,No,No,Yes,1,1,1,1,Yes,Personality differences,,,,,,
115,Male,19,17,1.12,170,159,1.07,3,3,0,Virgo ,Taurus ,4,0,No,No,Yes,2,1,2,24,Yes,,,,,,,
116,Male,17,17,1.00,172,154,1.12,1,1,0,Leo ,Gemini ,3,1,Yes,Yes,Yes,1,1,0,101,Yes,,,,,,,
117,Female,18,32,1.78,155,174,1.12,3,5,2,Virgo ,Sagittarius ,3,4,No,No,Yes,2,2,1,38,Yes,,,,,,,
118,Female,18,18,1.00,160,173,1.08,1,1,0,Sagittarius ,Aries ,4,0,Yes,Yes,Yes,2,1,1,36,No,Value not aligh,Not like anymore,,,,,
119,Female,18,18,1.00,160,174,1.09,3,0,3,Aquarius ,Pisces ,3,5+,No,No,No,0,2,1,60,No,Future Development,,,,,,
120,Male,21,21,1.00,180,172,1.05,3,3,0,Taurus ,Leo ,2,1,No,No,Yes,1,1,2,28,Yes,,,,,,,
121,Female,17,17,1.00,154,172,1.12,1,1,0,Gemini ,Leo ,3,2,No,Yes,Yes,1,0,0,101,Yes,,,,,,,
122,Female,20,20,1.00,176,185,1.05,1,1,0,Aquarius ,Libra ,4,3,Yes,Yes,Yes,1,1,1,20,Yes,,,,,,,
123,Female,22,22,1.00,166,180,1.08,4,4,0,Capricorn ,Taurus ,4,0,No,No,Yes,2,2,2,2,Yes,,,,,,,
124,Female,19,21,1.11,168,180,1.07,3,3,0,Capricorn ,Capricorn ,3,0,No,No,No,2,1,2,4,No,Not like anymore,,,,,,
125,Female,28,30,1.07,160,188,1.18,4,5,1,Capricorn ,Aquarius ,2,1,Yes,No,Yes,0,1,2,6,No,Personality differences,Not like anymore,,,,,
126,Female,15,15,1.00,165,176,1.07,1,1,0,Gemini ,Libra ,4,0,No,Yes,Yes,1,2,0,85,Yes,,,,,,,
127,Female,19,45,2.37,168,174,1.04,3,6,3,Aries ,Aquarius ,3,2,No,No,Yes,1,2,2,18,No,Value not aligh,,,,,,
128,Male,21,20,1.05,172,183,0.94,3,3,0,Scorpio ,Aquarius ,2,0,No,No,Yes,2,1,1,7,No,Cheated,Value not align,Personality differences,,,,
129,Female,19,19,1.00,158,175,1.11,3,3,0,Taurus ,Taurus ,4,1,No,No,No,1,2,1,26,No,Future Development,,,,,,
130,Female,19,22,1.16,161,170,1.06,3,3,0,Virgo ,Aquarius ,1,2,Yes,No,Yes,1,1,1,28,No,Value not aligh,Future development,,,,,
131,Female,25,23,0.92,160,168,1.05,3,3,0,Gemini ,Virgo ,1,0,Yes,No,No,1,1,1,46,Yes,,,,,,,
132,Female,23,20,0.87,172,180,1.05,3,3,0,Virgo ,Leo ,2,1,Yes,No,No,2,0,2,6,No,Value not aligh,Future development,,,,,
133,Female,25,25,1.00,166,170,1.02,1,1,0,Leo ,Sagittarius ,4,0,Yes,No,Yes,2,2,2,84,Yes,,,,,,,
134,Female,23,23,1.00,160,184,1.15,4,4,0,Libra ,Cancer ,2,3,No,No,Yes,1,1,1,20,Yes,,,,,,,
135,Female,16,19,1.19,172,175,1.02,1,3,2,Taurus ,Capricorn ,4,0,Yes,No,Yes,2,3,3,32,No,,,,,,,
136,Female,18,18,1.00,163,178,1.09,3,3,0,Libra ,Leo ,4,1,Yes,No,Yes,1,2,2,50,Yes,,,,,,,
137,Male,21,21,1.00,172,180,0.96,3,3,0,Leo ,Taurus ,2,1,No,No,Yes,2,2,2,29,Yes,Cheated,Not like anymore,,,,,
138,Female,26,24,0.92,164,179,1.09,3,4,1,Sagittarius ,Virgo ,2,5+,Yes,No,Yes,1,3,2,30,No,Not like anymore,,,,,,
139,Male,22,18,1.22,169,158,1.07,3,3,0,Scorpio ,Virgo ,3,0,No,Yes,Yes,2,2,0,25,No,Someone else on mind,Not like anymore,,,,,
140,Male,12,12,1.00,183,168,1.09,0,0,0,Libra ,Leo ,4,0,Yes,Yes,Yes,1,0,0,133,Yes,,,,,,,
141,Female,17,16,0.94,155,175,1.13,1,1,0,Libra ,Aries ,4,0,No,Yes,Yes,1,0,0,74,Yes,,,,,,,
142,Male,22,19,1.16,180,158,1.14,3,3,0,Scorpio ,Pisces ,4,0,No,No,Yes,1,0,1,40,Yes,,,,,,,
143,Female,21,23,1.10,164,158,0.96,3,3,0,Virgo ,Libra ,2,0,No,No,Yes,0,1,1,24,No,Personality differences,,,,,,
144,Male,20,18,1.11,183,165,1.11,3,3,0,Libra ,Gemini ,4,1,No,No,Yes,1,1,1,3,No,Cheated,,,,,,
145,Female,18,18,1.00,158,179,1.13,3,3,0,Pisces ,Aries ,3,1,No,Yes,Yes,1,0,0,62,Yes,,,,,,,
146,Male,22,21,1.05,173,160,1.08,4,3,1,Taurus ,Capricorn ,4,3,No,No,Yes,1,1,1,7,Yes,,,,,,,
147,Male,20,20,1.00,174,164,1.06,3,3,0,Taurus ,Cancer ,4,2,No,No,Yes,2,2,2,17,No,Future Development,,,,,,
148,Female,23,24,1.04,163,174,1.07,5,4,1,Taurus ,Sagittarius ,2,5+,No,No,No,1,2,3,51,Yes,,,,,,,
149,Female,19,20,1.05,159,178,1.12,3,3,0,Sagittarius ,Scorpio ,3,5+,Yes,Yes,Yes,0,1,1,34,No,Someone else on mind,,,,,,
150,Male,22,22,1.00,175,160,1.09,2,3,1,Aquarius ,Capricorn ,2,1,Yes,No,Yes,0,3,2,30,No,Future Development,,,,,,
151,Female,23,23,1.00,160,182,1.14,3,3,0,Aquarius ,Aquarius ,4,2,Yes,No,No,1,2,1,30,No,Future Development,,,,,,
152,Female,24,24,1.00,160,175,1.09,3,3,0,Scorpio ,Libra ,3,0,No,Yes,Yes,1,1,1,84,Yes,,,,,,,
153,Female,19,19,1.00,158,178,1.13,3,3,0,Taurus ,Capricorn ,4,1,No,No,Yes,2,0,2,22,No,Cheated,Someone else on mind,Value not align,Not like anymore,,,
154,Female,23,24,1.04,165,176,1.07,4,3,1,Gemini ,Libra ,4,0,Yes,Yes,Yes,2,3,3,15,Yes,,,,,,,
155,Male,19,19,1.00,173,180,0.96,3,3,0,Sagittarius ,Sagittarius ,4,0,No,No,No,2,3,3,48,No,Cheated,Value not align,Personality differences,Not like anymore,Future development,,
156,Female,32,27,0.84,170,175,1.03,5,3,2,Virgo ,Virgo ,4,5+,Yes,Yes,Yes,0,1,1,19,Yes,,,,,,,
157,Male,17,19,0.89,173,159,1.09,3,3,0,Capricorn ,Cancer ,3,0,Yes,No,Yes,1,1,1,48,No,Cheated,Someone else on mind,Future development,Parents' opinions,,,
158,Male,24,27,0.89,166,168,0.99,2,3,1,Libra ,Aries ,4,2,Yes,No,Yes,1,1,1,34,No,Future Development,,,,,,
159,Female,18,18,1.00,158,169,1.07,3,3,0,Scorpio ,Aquarius ,2,2,No,Yes,Yes,1,0,1,33,No,Value not aligh,,,,,,
160,Male,22,20,1.10,170,158,1.08,3,3,0,Aries ,Virgo ,1,2,Yes,Yes,Yes,1,2,2,35,Yes,,,,,,,
161,Male,21,20,1.05,178,156,1.14,3,3,0,Gemini ,Leo ,3,3,Yes,No,No,1,1,2,24,Yes,,,,,,,
162,Female,22,26,1.18,160,178,1.11,4,2,2,Virgo ,Scorpio ,3,5+,No,No,Yes,2,0,3,2,Yes,,,,,,,
163,Female,19,22,1.16,169,181,1.07,3,3,0,Taurus ,Sagittarius ,2,0,No,No,Yes,2,2,1,17,No,Personality differences,Not like anymore,,,,,
164,Female,20,22,1.10,170,173,1.02,3,3,0,Scorpio ,Libra ,3,1,No,No,No,2,0,1,40,No,Personality differences,Not like anymore,Future development,,,,
165,Female,20,20,1.00,167,185,1.11,4,5,1,Aries ,Scorpio ,1,1,No,No,Yes,1,1,1,13,Yes,,,,,,,
166,Female,21,22,1.05,168,175,1.04,3,3,0,Cancer ,Capricorn ,3,0,No,No,No,1,2,1,4,No,Personality differences,Not like anymore,,,,,
167,Female,18,31,1.72,170,185,1.09,3,3,0,Cancer ,Sagittarius ,1,1,Yes,Yes,Yes,1,0,2,48,No,Cheated,Value not align,Personality differences,Future development,Parents' opinions,,
168,Male,24,24,1.00,170,160,1.06,4,4,0,Leo ,Cancer ,2,0,No,No,Yes,3,2,3,3,No,Value not aligh,Personality differences,Future development,Parents' opinions,,,
169,Female,24,40,1.67,164,178,1.09,3,4,1,Aquarius ,Libra ,4,2,No,No,No,1,2,3,24,No,Cheated,,,,,,
170,Female,20,20,1.00,147,165,1.12,3,3,0,Sagittarius ,Aquarius ,2,0,No,No,No,1,2,2,57,Yes,,,,,,,
171,Male,21,22,0.95,173,170,1.02,3,3,0,Sagittarius ,Libra ,3,0,Yes,Yes,Yes,1,1,1,40,Yes,,,,,,,
172,Male,25,25,1.00,193,164,1.18,1,4,3,Aquarius ,Sagittarius ,3,0,No,No,No,0,1,1,11,Yes,,,,,,,
173,Male,19,19,1.00,182,165,1.10,3,3,0,Scorpio ,Virgo ,3,0,No,No,Yes,2,1,3,30,No,Someone else on mind,,,,,,
174,Female,20,22,1.10,167,180,1.08,3,3,0,Scorpio ,Capricorn ,4,0,No,No,Yes,2,0,1,110,Yes,,,,,,,
175,Male,29,20,1.45,182,178,1.02,4,3,1,Virgo ,Cancer ,3,4,Yes,No,Yes,1,1,3,36,Yes,,,,,,,
176,Male,22,21,1.05,182,165,1.10,3,3,0,Scorpio ,Cancer ,4,1,Yes,No,Yes,1,2,1,30,No,Cheated,,,,,,
177,Female,26,26,1.00,163,173,1.06,4,4,0,Aquarius ,Taurus ,2,3,Yes,No,Yes,1,1,1,10,Yes,,,,,,,
178,Male,26,23,1.13,182,167,1.09,4,3,1,Scorpio ,Scorpio ,4,3,Yes,No,Yes,1,0,2,30,No,Value not aligh,,,,,,
179,Male,26,15,1.73,186,163,1.14,4,1,3,Taurus ,Aquarius ,2,0,No,No,No,0,3,1,144,Yes,,,,,,,
180,Female,21,20,0.95,163,170,1.04,3,3,0,Cancer ,Leo ,2,0,Yes,No,No,1,1,0,26,No,Future development,,,,,,
182,Female,20,21,1.05,168,175,1.04,3,3,0,Aries ,Libra ,3,0,No,No,Yes,1,2,2,11,No,Value not aligh,,,,,,
183,Female,24,23,0.96,156,165,1.06,4,4,0,Virgo ,Virgo ,4,1,No,Yes,Yes,2,3,3,36,No,Value not aligh,Personality differences,Future development,Parents' opinions,,,
184,Male,22,21,1.05,120,110,1.09,5,5,0,Taurus ,Libra ,2,2,No,No,No,1,1,0,12,No,Future Development,,,,,,
185,Female,23,22,0.96,165,182,1.10,3,3,0,Taurus ,Capricorn ,4,0,No,No,Yes,3,2,3,6,No,Value not aligh,,,,,,
186,Male,17,17,1.00,175,157,1.11,1,1,0,Scorpio ,Pisces ,4,1,No,Yes,Yes,1,0,1,45,No,Future Development,,,,,,
187,Female,19,20,1.05,167,185,1.11,3,3,0,Aries ,Leo ,4,1,No,No,Yes,1,2,2,39,No,Personality differences,,,,,,
188,Female,19,19,1.00,163,183,1.12,3,3,0,Leo ,Taurus ,2,0,No,No,Yes,2,3,3,3,No,Value not aligh,Personality differences,Not like anymore,Future development,,,
190,Female,20,21,1.05,163,175,1.07,3,3,0,Leo ,Sagittarius ,4,1,No,No,Yes,1,2,2,3,No,Someone else on mind,,,,,,
191,Female,20,20,1.00,163,170,1.04,3,3,0,Leo ,Taurus ,2,2,No,Yes,Yes,2,3,3,5,No,Someone else on mind,Value not align,Personality differences,Not like anymore,,,
192,Male,24,24,1.00,179,168,1.07,4,4,0,Cancer ,Scorpio ,4,1,No,No,Yes,1,2,0,3,No,Personality differences,,,,,,
193,Male,24,22,1.09,175,163,1.07,4,4,0,Gemini ,Pisces ,2,2,No,Yes,Yes,2,2,1,3,Yes,,,,,,,
194,Female,16,16,1.00,160,170,1.06,1,1,0,Leo ,Pisces ,2,0,No,Yes,No,0,1,0,1,No,Value not aligh,Personality differences,Future development,,,,
196,Female,23,28,1.22,163,183,1.12,4,5,1,Leo ,Pisces ,2,3,No,No,Yes,1,2,2,1,Yes,,,,,,,
197,Male,25,22,1.14,173,163,1.06,4,3,1,Leo ,Scorpio ,2,0,Yes,No,Yes,1,0,1,23,Yes,,,,,,,
198,Male,18,18,1.00,175,160,1.09,1,1,0,Gemini ,Pisces ,2,4,No,Yes,Yes,1,2,1,12,No,Future Development,,,,,,
199,Male,22,19,1.16,175,167,1.05,3,3,0,Gemini ,Leo ,3,1,No,No,Yes,1,2,1,12,No,Value not aligh,Personality differences,Not like anymore,,,,
200,Male,21,21,1.00,175,160,1.09,3,3,0,Aquarius ,Aries ,3,2,No,No,Yes,1,0,1,30,No,Value not aligh,Personality differences,,,,,
201,Male,20,20,1.00,175,160,1.09,1,1,0,Gemini ,Virgo ,1,1,No,Yes,Yes,1,2,1,5,No,Value not aligh,,,,,,
202,Female,18,18,1.00,155,180,1.16,1,1,0,Cancer ,Taurus ,3,2,No,Yes,Yes,2,1,3,36,No,Value not aligh,Future development,,,,,
203,Female,17,18,1.06,163,180,1.10,1,1,0,Virgo ,Sagittarius ,2,0,No,Yes,Yes,2,0,1,3,No,Personality differences,,,,,,
204,Female,19,23,1.21,160,170,1.06,3,3,0,Gemini ,Cancer ,2,1,No,No,Yes,1,2,1,45,No,Never mean to be,,,,,,
205,Male,19,18,1.06,189,173,1.09,3,3,0,Libra ,Aquarius ,4,1,No,Yes,Yes,2,1,1,40,No,Future Development,,,,,,
206,Male,17,18,0.94,175,162,1.08,1,1,0,Capricorn ,Libra ,1,3,No,Yes,Yes,1,2,2,8,Yes,Someone else on mind,,,,,,
207,Male,26,22,1.18,180,165,1.09,4,3,1,Sagittarius ,Sagittarius ,4,5+,Yes,No,Yes,1,1,1,32,Yes,,,,,,,
208,Female,24,24,1.00,157,170,1.08,4,4,0,Gemini ,Aries ,3,0,Yes,No,Yes,2,1,1,68,Yes,,,,,,,
209,Female,24,29,1.21,154,174,1.13,3,3,0,Gemini ,Taurus ,3,2,Yes,Yes,Yes,1,2,0,24,Yes,,,,,,,
210,Female,18,20,1.11,175,180,1.03,3,2,1,Aquarius ,Scorpio ,2,1,Yes,Yes,Yes,1,3,2,42,No,Value not aligh,Future development,,,,,
211,Male,20,21,0.95,185.4,170.18,1.09,1,3,2,Gemini ,Pisces ,2,5+,No,No,Yes,2,1,0,132,Yes,,,,,,,
212,Female,22,28,1.27,168,188,1.12,3,5,2,Taurus ,Cancer ,3,3,No,No,No,1,3,2,54,Yes,,,,,,,
213,Male,19,19,1.00,182,180,1.01,3,3,0,Pisces ,Taurus ,4,1,No,No,Yes,2,1,2,1,No,Someone else on mind,,,,,,
214,Male,21,20,1.05,175,160,1.09,3,3,0,Aries ,Taurus ,3,0,No,No,Yes,1,2,1,60,Yes,,,,,,,
215,Male,51,40,1.28,182,160,1.14,4,4,0,Aries ,Libra ,3,5+,No,Yes,Yes,0,2,3,48,Yes,Never mean to be,,,,,,
216,Female,22,28,1.27,168,188,1.12,3,5,2,Taurus ,Cancer ,4,3,No,No,No,1,3,2,54,Yes,,,,,,,
217,Male,20,20,1.00,172,162,1.06,3,3,0,Libra ,Gemini ,4,1,No,No,Yes,1,0,1,3,No,Personality differences,,,,,,
218,Male,23,23,1.00,183,182,1.01,3,3,0,Libra ,Leo ,4,0,No,No,Yes,1,1,3,18,Yes,,,,,,,
